{"cameraMode":{"drawMode":0,"name":"Shaded","section":"Shading Mode"},"sceneLighting":false,"audioPlay":false,"sceneViewState":{"showFog":true,"showMaterialUpdate":false,"showSkybox":false,"showFlares":true,"showImageEffects":true,"showParticleSystems":true},"in2DMode":false,"pivot":{"x":6.285000324249268,"y":2.3386363983154299,"z":1.065000057220459},"rotation":{"x":0.14529761672019959,"y":0.0014772895956411958,"z":-0.00023677360150031745,"w":0.9894113540649414},"size":3.159281015396118,"orthographic":false}