{"cameraMode":{"drawMode":0,"name":"Shaded","section":"Shading Mode"},"sceneLighting":false,"audioPlay":false,"sceneViewState":{"showFog":true,"showMaterialUpdate":false,"showSkybox":false,"showFlares":true,"showImageEffects":true,"showParticleSystems":true},"in2DMode":false,"pivot":{"x":6.76800012588501,"y":1.741971731185913,"z":5.986000061035156},"rotation":{"x":0.07135701179504395,"y":0.856385350227356,"z":-0.12314911186695099,"w":0.4963825047016144},"size":2.176562786102295,"orthographic":false}