{"cameraMode":{"drawMode":0,"name":"Shaded","section":"Shading Mode"},"sceneLighting":false,"audioPlay":false,"sceneViewState":{"showFog":true,"showMaterialUpdate":false,"showSkybox":false,"showFlares":true,"showImageEffects":true,"showParticleSystems":true},"in2DMode":false,"pivot":{"x":3.4719998836517336,"y":2.330941677093506,"z":0.5820000171661377},"rotation":{"x":0.1844092160463333,"y":-0.09272980690002442,"z":0.01749756559729576,"w":0.9783287644386292},"size":2.9360690116882326,"orthographic":false}