{"cameraMode":{"drawMode":0,"name":"Shaded","section":"Shading Mode"},"sceneLighting":false,"audioPlay":false,"sceneViewState":{"showFog":true,"showMaterialUpdate":false,"showSkybox":false,"showFlares":true,"showImageEffects":true,"showParticleSystems":true},"in2DMode":false,"pivot":{"x":0.44035255908966067,"y":2.218484401702881,"z":-1.372771978378296},"rotation":{"x":0.17967306077480317,"y":-0.16586805880069734,"z":0.030768578872084619,"w":0.9691734910011292},"size":0.47370445728302,"orthographic":false}