{"cameraMode":{"drawMode":0,"name":"Shaded","section":"Shading Mode"},"sceneLighting":true,"audioPlay":false,"sceneViewState":{"showFog":true,"showMaterialUpdate":true,"showSkybox":true,"showFlares":true,"showImageEffects":true,"showParticleSystems":true},"in2DMode":false,"pivot":{"x":3.000123977661133,"y":11.87659740447998,"z":-14.156354904174805},"rotation":{"x":0.2541358768939972,"y":0.5979743003845215,"z":-0.20783300697803498,"w":0.7312001585960388},"size":10.47140884399414,"orthographic":false}